Temperature (C),Pressure (kPa),Density (g/ml),Volume (ml/g),Internal Energy (kJ/mol),Enthalpy (kJ/mol),Entropy (J/mol*K),Cv (J/mol*K),Cp (J/mol*K),Sound Spd. (m/s),Joule-Thomson (K/MPa),Viscosity (uPa*s),Therm. Cond. (W/m*K),Phase
22,0,0,infinite,19.738,22.192,476.57,28.688,37.003,268.18,undefined,14.779,0.016357,vapor
22,66.667,0.0011997,833.55,19.719,22.164,123.58,28.764,37.21,267.66,11.217,14.784,0.016386,vapor
22,133.33,0.0024077,415.33,19.699,22.136,117.75,28.839,37.421,267.13,11.221,14.789,0.016416,vapor
22,200,0.0036242,275.92,19.68,22.108,114.32,28.916,37.635,266.6,11.224,14.794,0.016447,vapor
22,266.67,0.0048493,206.21,19.66,22.08,111.86,28.993,37.853,266.07,11.228,14.8,0.016478,vapor
22,333.33,0.0060832,164.39,19.64,22.052,109.93,29.071,38.075,265.54,11.231,14.806,0.01651,vapor
22,400,0.007326,136.5,19.62,22.023,108.35,29.149,38.301,265,11.235,14.812,0.016543,vapor
22,466.67,0.008578,116.58,19.6,21.994,107,29.228,38.531,264.46,11.238,14.819,0.016576,vapor
22,533.33,0.0098392,101.63,19.58,21.965,105.82,29.308,38.765,263.92,11.242,14.826,0.01661,vapor
22,600,0.01111,90.01,19.559,21.936,104.77,29.389,39.004,263.38,11.246,14.833,0.016645,vapor
22,666.67,0.01239,80.708,19.539,21.907,103.83,29.47,39.247,262.83,11.249,14.84,0.016681,vapor
22,733.33,0.01368,73.097,19.518,21.877,102.96,29.552,39.494,262.28,11.253,14.848,0.016717,vapor
22,800,0.014981,66.753,19.497,21.848,102.17,29.634,39.746,261.73,11.256,14.856,0.016754,vapor
22,866.67,0.016291,61.383,19.476,21.818,101.43,29.718,40.004,261.18,11.26,14.864,0.016792,vapor
22,933.33,0.017612,56.78,19.455,21.788,100.74,29.802,40.266,260.62,11.264,14.873,0.01683,vapor
22,1000,0.018943,52.789,19.434,21.757,100.09,29.888,40.534,260.06,11.267,14.882,0.01687,vapor
22,1066.7,0.020286,49.296,19.413,21.727,99.483,29.974,40.807,259.49,11.271,14.891,0.01691,vapor
22,1133.3,0.021639,46.212,19.391,21.696,98.905,30.061,41.086,258.93,11.275,14.9,0.016951,vapor
22,1200,0.023004,43.47,19.369,21.665,98.354,30.149,41.371,258.36,11.278,14.91,0.016993,vapor
22,1266.7,0.024381,41.016,19.347,21.634,97.829,30.237,41.662,257.78,11.282,14.921,0.017037,vapor
22,1333.3,0.025769,38.807,19.325,21.602,97.326,30.327,41.959,257.21,11.285,14.931,0.017081,vapor
22,1400,0.027169,36.807,19.303,21.571,96.843,30.418,42.262,256.63,11.289,14.942,0.017126,vapor
22,1466.7,0.028582,34.987,19.28,21.539,96.378,30.51,42.573,256.04,11.293,14.954,0.017172,vapor
22,1533.3,0.030007,33.325,19.258,21.506,95.929,30.603,42.891,255.46,11.296,14.966,0.01722,vapor
22,1600,0.031445,31.801,19.235,21.474,95.496,30.697,43.215,254.87,11.299,14.978,0.017268,vapor
22,1666.7,0.032897,30.398,19.212,21.441,95.076,30.792,43.548,254.27,11.303,14.99,0.017318,vapor
22,1733.3,0.034362,29.102,19.188,21.408,94.669,30.889,43.888,253.67,11.306,15.003,0.017369,vapor
22,1800,0.035841,27.901,19.165,21.375,94.273,30.986,44.237,253.07,11.31,15.017,0.017421,vapor
22,1866.7,0.037334,26.785,19.141,21.342,93.888,31.085,44.595,252.47,11.313,15.031,0.017475,vapor
22,1933.3,0.038842,25.745,19.117,21.308,93.512,31.186,44.961,251.86,11.316,15.045,0.01753,vapor
22,2000,0.040365,24.774,19.093,21.274,93.146,31.287,45.336,251.25,11.319,15.06,0.017586,vapor
22,2066.7,0.041903,23.865,19.069,21.239,92.788,31.39,45.722,250.63,11.322,15.076,0.017644,vapor
22,2133.3,0.043457,23.011,19.044,21.205,92.437,31.495,46.117,250.01,11.325,15.091,0.017703,vapor
22,2200,0.045027,22.209,19.019,21.17,92.094,31.601,46.523,249.38,11.328,15.108,0.017764,vapor
22,2266.7,0.046613,21.453,18.994,21.135,91.758,31.708,46.94,248.75,11.331,15.125,0.017827,vapor
22,2333.3,0.048217,20.74,18.969,21.099,91.427,31.817,47.369,248.11,11.334,15.142,0.017891,vapor
22,2400,0.049838,20.065,18.944,21.063,91.103,31.928,47.81,247.48,11.336,15.16,0.017958,vapor
22,2466.7,0.051477,19.426,18.918,21.027,90.783,32.04,48.263,246.83,11.339,15.179,0.018026,vapor
22,2533.3,0.053135,18.82,18.892,20.99,90.469,32.155,48.73,246.18,11.341,15.198,0.018096,vapor
22,2600,0.054811,18.244,18.865,20.953,90.159,32.271,49.21,245.53,11.343,15.218,0.018168,vapor
22,2666.7,0.056508,17.697,18.839,20.916,89.854,32.389,49.706,244.87,11.345,15.238,0.018242,vapor
22,2733.3,0.058224,17.175,18.812,20.878,89.553,32.509,50.216,244.2,11.347,15.26,0.018319,vapor
22,2800,0.059962,16.677,18.784,20.84,89.255,32.631,50.743,243.53,11.349,15.282,0.018398,vapor
22,2866.7,0.06172,16.202,18.757,20.801,88.961,32.756,51.287,242.86,11.351,15.304,0.01848,vapor
22,2933.3,0.063502,15.748,18.729,20.762,88.67,32.882,51.849,242.17,11.352,15.327,0.018564,vapor
22,3000,0.065305,15.313,18.701,20.722,88.382,33.011,52.429,241.49,11.353,15.351,0.01865,vapor
22,3066.7,0.067133,14.896,18.672,20.683,88.096,33.143,53.03,240.79,11.354,15.376,0.01874,vapor
22,3133.3,0.068985,14.496,18.643,20.642,87.814,33.277,53.651,240.09,11.355,15.402,0.018833,vapor
22,3200,0.070863,14.112,18.614,20.601,87.533,33.414,54.295,239.38,11.356,15.429,0.018929,vapor
22,3266.7,0.072766,13.743,18.584,20.56,87.254,33.553,54.963,238.67,11.356,15.456,0.019028,vapor
22,3333.3,0.074697,13.387,18.554,20.518,86.978,33.696,55.655,237.95,11.356,15.484,0.019131,vapor
22,3400,0.076656,13.045,18.524,20.476,86.703,33.841,56.374,237.22,11.356,15.514,0.019237,vapor
22,3466.7,0.078645,12.715,18.493,20.433,86.429,33.99,57.122,236.49,11.355,15.544,0.019348,vapor
22,3533.3,0.080663,12.397,18.461,20.389,86.157,34.142,57.899,235.74,11.354,15.575,0.019462,vapor
22,3600,0.082714,12.09,18.43,20.345,85.886,34.298,58.709,234.99,11.353,15.608,0.019581,vapor
22,3666.7,0.084797,11.793,18.397,20.3,85.615,34.458,59.553,234.23,11.352,15.641,0.019705,vapor
22,3733.3,0.086914,11.506,18.365,20.255,85.346,34.621,60.433,233.46,11.35,15.676,0.019834,vapor
22,3800,0.089067,11.227,18.331,20.209,85.077,34.789,61.353,232.68,11.347,15.712,0.019968,vapor
22,3866.7,0.091258,10.958,18.297,20.162,84.808,34.961,62.315,231.9,11.344,15.75,0.020107,vapor
22,3933.3,0.093487,10.697,18.263,20.115,84.539,35.138,63.323,231.1,11.341,15.788,0.020253,vapor
22,4000,0.095758,10.443,18.228,20.066,84.271,35.32,64.38,230.29,11.337,15.828,0.020405,vapor
22,4066.7,0.098071,10.197,18.192,20.017,84.002,35.507,65.489,229.47,11.333,15.87,0.020564,vapor
22,4133.3,0.10043,9.9573,18.156,19.967,83.733,35.699,66.656,228.64,11.328,15.913,0.02073,vapor
22,4200,0.10283,9.7245,18.119,19.917,83.463,35.898,67.886,227.8,11.323,15.958,0.020904,vapor
22,4266.7,0.10529,9.4977,18.081,19.865,83.192,36.103,69.183,226.95,11.316,16.005,0.021087,vapor
22,4333.3,0.1078,9.2769,18.043,19.812,82.92,36.314,70.554,226.08,11.31,16.054,0.021279,vapor
22,4400,0.11036,9.0615,18.004,19.758,82.647,36.533,72.006,225.2,11.302,16.105,0.021481,vapor
22,4466.7,0.11298,8.8513,17.964,19.704,82.372,36.76,73.547,224.3,11.293,16.157,0.021694,vapor
22,4533.3,0.11566,8.646,17.923,19.648,82.096,36.995,75.185,223.39,11.284,16.212,0.021918,vapor
22,4600,0.11841,8.4453,17.881,19.59,81.817,37.239,76.932,222.46,11.274,16.27,0.022155,vapor
22,4666.7,0.12123,8.2489,17.838,19.532,81.536,37.493,78.8,221.52,11.262,16.33,0.022406,vapor
22,4733.3,0.12412,8.0566,17.794,19.472,81.252,37.758,80.801,220.55,11.25,16.393,0.022673,vapor
22,4800,0.1271,7.8681,17.749,19.411,80.965,38.034,82.953,219.57,11.236,16.459,0.022956,vapor
22,4866.7,0.13016,7.6831,17.702,19.348,80.674,38.323,85.274,218.56,11.221,16.528,0.023258,vapor
22,4933.3,0.13331,7.5013,17.654,19.283,80.38,38.626,87.787,217.53,11.204,16.601,0.02358,vapor
22,5000,0.13656,7.3226,17.605,19.217,80.081,38.944,90.517,216.47,11.186,16.677,0.023926,vapor
22,5066.7,0.13993,7.1466,17.555,19.148,79.777,39.279,93.498,215.39,11.166,16.758,0.024297,vapor
22,5133.3,0.14341,6.9731,17.502,19.077,79.467,39.634,96.768,214.27,11.144,16.843,0.024697,vapor
22,5200,0.14702,6.8018,17.448,19.004,79.151,40.009,100.37,213.13,11.12,16.933,0.02513,vapor
22,5266.7,0.15078,6.6323,17.391,18.928,78.827,40.409,104.38,211.94,11.093,17.029,0.025601,vapor
22,5333.3,0.15469,6.4644,17.332,18.85,78.495,40.836,108.85,210.71,11.064,17.131,0.026116,vapor
22,5400,0.15879,6.2977,17.271,18.768,78.154,41.294,113.89,209.44,11.031,17.24,0.026681,vapor
22,5466.7,0.16309,6.1318,17.207,18.682,77.802,41.789,119.62,208.12,10.994,17.357,0.027305,vapor
22,5533.3,0.16761,5.9662,17.139,18.592,77.437,42.327,126.21,206.73,10.953,17.483,0.028,vapor
22,5600,0.1724,5.8004,17.068,18.498,77.058,42.916,133.88,205.27,10.907,17.62,0.028781,vapor
22,5666.7,0.1775,5.6338,16.992,18.397,76.661,43.568,142.96,203.73,10.855,17.769,0.029668,vapor
22,5733.3,0.18296,5.4656,16.911,18.29,76.244,44.299,153.91,202.09,10.796,17.934,0.03069,vapor
22,5800,0.18887,5.2946,16.824,18.175,75.8,45.13,167.46,200.33,10.728,18.116,0.031886,vapor
22,5866.7,0.19533,5.1194,16.728,18.05,75.324,46.099,184.76,198.39,10.647,18.321,0.033319,vapor
22,5933.3,0.20252,4.9379,16.622,17.912,74.806,47.262,207.9,196.24,10.55,18.556,0.035092,vapor
22,6000,0.21068,4.7466,16.502,17.755,74.228,48.73,240.98,193.76,10.43,18.832,0.037395,vapor
22,6003.1,0.21108,4.7375,16.496,17.748,74.2,48.808,242.87,193.64,10.423,18.847,0.037519,vapor
22,6003.11,0.75077,1.332,11.219,11.571,53.274,45.239,213.29,314.08,1.7423,62.67,0.083395,liquid
22,6066.7,0.75373,1.3267,11.194,11.548,53.184,45.009,207.04,318.75,1.6961,63.117,0.083601,liquid
22,6133.3,0.75667,1.3216,11.169,11.526,53.093,44.795,201.26,323.37,1.6515,63.565,0.083827,liquid
22,6200,0.75946,1.3167,11.145,11.504,53.007,44.602,196.11,327.74,1.6102,63.995,0.084057,liquid
22,6266.7,0.76213,1.3121,11.122,11.484,52.924,44.426,191.49,331.9,1.5718,64.409,0.084292,liquid
22,6333.3,0.76468,1.3077,11.099,11.464,52.845,44.265,187.31,335.88,1.5359,64.808,0.084528,liquid
22,6400,0.76713,1.3036,11.078,11.445,52.768,44.117,183.5,339.69,1.5021,65.194,0.084765,liquid
22,6466.7,0.76949,1.2996,11.057,11.427,52.694,43.979,180.01,343.37,1.4703,65.568,0.085002,liquid
22,6533.3,0.77176,1.2957,11.037,11.41,52.623,43.85,176.8,346.92,1.4402,65.931,0.085239,liquid
22,6600,0.77396,1.2921,11.018,11.393,52.554,43.729,173.83,350.35,1.4117,66.284,0.085474,liquid
22,6666.7,0.77608,1.2885,10.999,11.377,52.486,43.616,171.07,353.68,1.3846,66.628,0.085708,liquid
22,6733.3,0.77814,1.2851,10.981,11.362,52.421,43.508,168.49,356.91,1.3588,66.963,0.08594,liquid
22,6800,0.78014,1.2818,10.963,11.347,52.357,43.407,166.09,360.06,1.3341,67.29,0.086171,liquid
22,6866.7,0.78208,1.2786,10.946,11.332,52.295,43.311,163.83,363.12,1.3105,67.61,0.086399,liquid
22,6933.3,0.78397,1.2756,10.929,11.318,52.235,43.219,161.71,366.1,1.2879,67.923,0.086626,liquid
22,7000,0.7858,1.2726,10.912,11.304,52.176,43.133,159.7,369.01,1.2662,68.23,0.08685,liquid
22,7066.7,0.78759,1.2697,10.896,11.291,52.118,43.05,157.81,371.85,1.2454,68.53,0.087072,liquid
22,7133.3,0.78934,1.2669,10.88,11.278,52.062,42.97,156.02,374.63,1.2253,68.825,0.087292,liquid
22,7200,0.79104,1.2642,10.865,11.265,52.007,42.895,154.32,377.35,1.206,69.114,0.08751,liquid
22,7266.7,0.79271,1.2615,10.85,11.253,51.953,42.822,152.7,380.02,1.1873,69.398,0.087725,liquid
22,7333.3,0.79433,1.2589,10.835,11.241,51.9,42.753,151.16,382.63,1.1693,69.678,0.087939,liquid
22,7400,0.79593,1.2564,10.82,11.23,51.848,42.687,149.69,385.19,1.1519,69.952,0.08815,liquid
22,7466.7,0.79749,1.2539,10.806,11.218,51.797,42.623,148.29,387.7,1.1351,70.222,0.088359,liquid
22,7533.3,0.79901,1.2515,10.792,11.207,51.747,42.561,146.95,390.16,1.1188,70.488,0.088566,liquid
22,7600,0.80051,1.2492,10.779,11.196,51.698,42.502,145.66,392.58,1.103,70.75,0.088771,liquid
22,7666.7,0.80198,1.2469,10.765,11.186,51.649,42.446,144.43,394.96,1.0876,71.008,0.088975,liquid
22,7733.3,0.80342,1.2447,10.752,11.175,51.602,42.391,143.25,397.3,1.0728,71.263,0.089176,liquid
22,7800,0.80483,1.2425,10.739,11.165,51.555,42.338,142.11,399.6,1.0583,71.514,0.089375,liquid
22,7866.7,0.80622,1.2404,10.726,11.155,51.509,42.288,141.02,401.86,1.0443,71.761,0.089572,liquid
22,7933.3,0.80759,1.2383,10.713,11.146,51.464,42.239,139.96,404.08,1.0306,72.005,0.089767,liquid
22,8000,0.80893,1.2362,10.701,11.136,51.419,42.191,138.95,406.28,1.0173,72.247,0.089961,liquid
22,8066.7,0.81025,1.2342,10.689,11.127,51.375,42.146,137.97,408.43,1.0044,72.485,0.090153,liquid
22,8133.3,0.81155,1.2322,10.677,11.118,51.332,42.101,137.02,410.56,0.99175,72.72,0.090343,liquid
22,8200,0.81282,1.2303,10.665,11.109,51.29,42.059,136.11,412.66,0.97945,72.953,0.090531,liquid
22,8266.7,0.81408,1.2284,10.653,11.1,51.247,42.018,135.22,414.73,0.96746,73.182,0.090718,liquid
22,8333.3,0.81532,1.2265,10.641,11.091,51.206,41.978,134.37,416.76,0.95575,73.41,0.090903,liquid
22,8400,0.81654,1.2247,10.63,11.083,51.165,41.939,133.54,418.78,0.94433,73.634,0.091086,liquid
22,8466.7,0.81774,1.2229,10.619,11.074,51.125,41.902,132.73,420.76,0.93317,73.857,0.091268,liquid
22,8533.3,0.81892,1.2211,10.608,11.066,51.085,41.865,131.95,422.72,0.92226,74.077,0.091448,liquid
22,8600,0.82009,1.2194,10.597,11.058,51.045,41.83,131.2,424.65,0.9116,74.295,0.091627,liquid
22,8666.7,0.82124,1.2177,10.586,11.05,51.007,41.796,130.46,426.56,0.90118,74.51,0.091804,liquid
22,8733.3,0.82238,1.216,10.575,11.042,50.968,41.763,129.75,428.45,0.89098,74.724,0.09198,liquid
22,8800,0.8235,1.2143,10.565,11.035,50.93,41.731,129.06,430.31,0.881,74.935,0.092154,liquid
22,8866.7,0.82461,1.2127,10.554,11.027,50.893,41.7,128.38,432.15,0.87123,75.145,0.092327,liquid
22,8933.3,0.8257,1.2111,10.544,11.02,50.855,41.669,127.73,433.97,0.86167,75.352,0.092499,liquid
22,9000,0.82678,1.2095,10.534,11.013,50.819,41.64,127.09,435.77,0.85229,75.558,0.092669,liquid
22,9066.7,0.82784,1.208,10.523,11.005,50.783,41.611,126.47,437.55,0.84311,75.762,0.092838,liquid
22,9133.3,0.82889,1.2064,10.513,10.998,50.747,41.584,125.86,439.31,0.8341,75.964,0.093006,liquid
22,9200,0.82993,1.2049,10.504,10.991,50.711,41.557,125.27,441.05,0.82527,76.164,0.093172,liquid
22,9266.7,0.83096,1.2034,10.494,10.985,50.676,41.53,124.69,442.77,0.81661,76.363,0.093337,liquid
22,9333.3,0.83197,1.202,10.484,10.978,50.641,41.505,124.13,444.47,0.80812,76.56,0.093501,liquid
22,9400,0.83298,1.2005,10.475,10.971,50.607,41.48,123.58,446.16,0.79978,76.755,0.093664,liquid
22,9466.7,0.83397,1.1991,10.465,10.965,50.573,41.456,123.05,447.83,0.7916,76.949,0.093826,liquid
22,9533.3,0.83495,1.1977,10.456,10.958,50.539,41.432,122.52,449.48,0.78356,77.141,0.093986,liquid
22,9600,0.83592,1.1963,10.447,10.952,50.505,41.409,122.01,451.11,0.77567,77.332,0.094145,liquid
22,9666.7,0.83688,1.1949,10.437,10.946,50.472,41.387,121.51,452.73,0.76791,77.521,0.094304,liquid
22,9733.3,0.83783,1.1936,10.428,10.939,50.44,41.365,121.02,454.34,0.76029,77.709,0.094461,liquid
22,9800,0.83877,1.1922,10.419,10.933,50.407,41.344,120.54,455.92,0.75281,77.896,0.094617,liquid
22,9866.7,0.8397,1.1909,10.41,10.927,50.375,41.323,120.08,457.5,0.74545,78.081,0.094772,liquid
22,9933.3,0.84062,1.1896,10.401,10.921,50.343,41.303,119.62,459.06,0.73821,78.266,0.094926,liquid
22,10000,0.84153,1.1883,10.393,10.916,50.311,41.283,119.17,460.6,0.73109,78.448,0.095079,liquid
22,10067,0.84244,1.187,10.384,10.91,50.28,41.264,118.73,462.13,0.72409,78.63,0.095231,liquid
22,10133,0.84333,1.1858,10.375,10.904,50.249,41.246,118.3,463.65,0.7172,78.81,0.095382,liquid
22,10200,0.84422,1.1845,10.367,10.899,50.218,41.227,117.88,465.16,0.71042,78.989,0.095533,liquid
22,10267,0.84509,1.1833,10.358,10.893,50.187,41.209,117.47,466.65,0.70375,79.167,0.095682,liquid
22,10333,0.84596,1.1821,10.35,10.888,50.157,41.192,117.07,468.13,0.69718,79.344,0.09583,liquid
22,10400,0.84682,1.1809,10.342,10.882,50.127,41.175,116.67,469.59,0.69072,79.52,0.095978,liquid
22,10467,0.84767,1.1797,10.333,10.877,50.097,41.159,116.28,471.05,0.68435,79.694,0.096124,liquid
22,10533,0.84852,1.1785,10.325,10.871,50.068,41.142,115.9,472.49,0.67808,79.868,0.09627,liquid
22,10600,0.84936,1.1774,10.317,10.866,50.038,41.127,115.52,473.92,0.6719,80.04,0.096415,liquid
22,10667,0.85019,1.1762,10.309,10.861,50.009,41.111,115.16,475.34,0.66581,80.212,0.096559,liquid
22,10733,0.85101,1.1751,10.301,10.856,49.98,41.096,114.8,476.75,0.65982,80.382,0.096702,liquid
22,10800,0.85183,1.1739,10.293,10.851,49.952,41.081,114.44,478.14,0.65391,80.551,0.096844,liquid
22,10867,0.85264,1.1728,10.285,10.846,49.923,41.067,114.09,479.53,0.64808,80.72,0.096986,liquid
22,10933,0.85344,1.1717,10.277,10.841,49.895,41.053,113.75,480.9,0.64233,80.887,0.097126,liquid
22,11000,0.85423,1.1706,10.27,10.836,49.867,41.039,113.42,482.27,0.63667,81.054,0.097266,liquid
22,11067,0.85502,1.1696,10.262,10.832,49.839,41.025,113.09,483.62,0.63109,81.22,0.097405,liquid
22,11133,0.8558,1.1685,10.254,10.827,49.811,41.012,112.76,484.97,0.62558,81.385,0.097544,liquid
22,11200,0.85658,1.1674,10.247,10.822,49.784,40.999,112.44,486.31,0.62014,81.548,0.097681,liquid
22,11267,0.85735,1.1664,10.239,10.818,49.757,40.987,112.13,487.63,0.61478,81.711,0.097818,liquid
22,11333,0.85811,1.1653,10.232,10.813,49.73,40.974,111.82,488.95,0.60949,81.874,0.097955,liquid
22,11400,0.85887,1.1643,10.224,10.808,49.703,40.962,111.52,490.25,0.60427,82.035,0.09809,liquid
22,11467,0.85962,1.1633,10.217,10.804,49.676,40.951,111.22,491.55,0.59912,82.196,0.098225,liquid
22,11533,0.86037,1.1623,10.21,10.8,49.649,40.939,110.93,492.84,0.59404,82.355,0.098359,liquid
22,11600,0.86111,1.1613,10.202,10.795,49.623,40.928,110.64,494.12,0.58902,82.514,0.098493,liquid
22,11667,0.86185,1.1603,10.195,10.791,49.597,40.917,110.35,495.39,0.58406,82.672,0.098625,liquid
22,11733,0.86258,1.1593,10.188,10.787,49.571,40.906,110.07,496.66,0.57917,82.83,0.098757,liquid
22,11800,0.8633,1.1583,10.181,10.782,49.545,40.895,109.8,497.91,0.57434,82.986,0.098889,liquid
22,11867,0.86402,1.1574,10.174,10.778,49.519,40.885,109.52,499.16,0.56957,83.142,0.09902,liquid
22,11933,0.86474,1.1564,10.167,10.774,49.494,40.875,109.26,500.4,0.56485,83.298,0.09915,liquid
22,12000,0.86544,1.1555,10.16,10.77,49.469,40.865,108.99,501.63,0.5602,83.452,0.099279,liquid
22,12067,0.86615,1.1545,10.153,10.766,49.443,40.855,108.73,502.85,0.5556,83.606,0.099408,liquid
22,12133,0.86685,1.1536,10.146,10.762,49.418,40.845,108.48,504.06,0.55105,83.759,0.099537,liquid
22,12200,0.86754,1.1527,10.139,10.758,49.393,40.836,108.23,505.27,0.54656,83.911,0.099665,liquid
22,12267,0.86823,1.1518,10.132,10.754,49.369,40.827,107.98,506.47,0.54212,84.063,0.099792,liquid
22,12333,0.86892,1.1509,10.125,10.75,49.344,40.818,107.73,507.66,0.53773,84.214,0.099918,liquid
22,12400,0.8696,1.15,10.119,10.746,49.32,40.809,107.49,508.85,0.5334,84.364,0.10004,liquid
22,12467,0.87027,1.1491,10.112,10.742,49.295,40.8,107.25,510.03,0.52911,84.514,0.10017,liquid
22,12533,0.87095,1.1482,10.105,10.739,49.271,40.792,107.02,511.2,0.52487,84.663,0.10029,liquid
22,12600,0.87161,1.1473,10.099,10.735,49.247,40.784,106.79,512.37,0.52068,84.812,0.10042,liquid
22,12667,0.87228,1.1464,10.092,10.731,49.223,40.776,106.56,513.52,0.51654,84.96,0.10054,liquid
22,12733,0.87293,1.1456,10.086,10.728,49.199,40.768,106.33,514.67,0.51244,85.107,0.10067,liquid
22,12800,0.87359,1.1447,10.079,10.724,49.176,40.76,106.11,515.82,0.50839,85.254,0.10079,liquid
22,12867,0.87424,1.1439,10.073,10.72,49.152,40.752,105.89,516.96,0.50439,85.4,0.10091,liquid
22,12933,0.87488,1.143,10.066,10.717,49.129,40.745,105.68,518.09,0.50042,85.546,0.10103,liquid
22,13000,0.87553,1.1422,10.06,10.713,49.106,40.737,105.46,519.21,0.4965,85.691,0.10115,liquid
22,13067,0.87616,1.1413,10.054,10.71,49.083,40.73,105.25,520.33,0.49262,85.835,0.10127,liquid
22,13133,0.8768,1.1405,10.047,10.706,49.06,40.723,105.04,521.45,0.48878,85.979,0.10139,liquid
22,13200,0.87743,1.1397,10.041,10.703,49.037,40.716,104.84,522.55,0.48498,86.122,0.10151,liquid
22,13267,0.87806,1.1389,10.035,10.7,49.014,40.709,104.63,523.65,0.48123,86.265,0.10163,liquid
22,13333,0.87868,1.1381,10.029,10.696,48.991,40.703,104.43,524.75,0.47751,86.407,0.10175,liquid
22,13400,0.8793,1.1373,10.022,10.693,48.969,40.696,104.24,525.84,0.47383,86.549,0.10187,liquid
22,13467,0.87991,1.1365,10.016,10.69,48.946,40.69,104.04,526.92,0.47018,86.69,0.10199,liquid
22,13533,0.88053,1.1357,10.01,10.687,48.924,40.683,103.85,528,0.46658,86.831,0.1021,liquid
22,13600,0.88114,1.1349,10.004,10.683,48.902,40.677,103.66,529.07,0.46301,86.971,0.10222,liquid
22,13667,0.88174,1.1341,9.998,10.68,48.88,40.671,103.47,530.14,0.45947,87.111,0.10234,liquid
22,13733,0.88234,1.1333,9.992,10.677,48.858,40.665,103.28,531.2,0.45597,87.25,0.10245,liquid
22,13800,0.88294,1.1326,9.986,10.674,48.836,40.659,103.1,532.26,0.45251,87.389,0.10257,liquid
22,13867,0.88354,1.1318,9.9801,10.671,48.814,40.654,102.92,533.31,0.44908,87.527,0.10268,liquid
22,13933,0.88413,1.1311,9.9741,10.668,48.793,40.648,102.74,534.36,0.44568,87.665,0.1028,liquid
22,14000,0.88472,1.1303,9.9682,10.665,48.771,40.643,102.56,535.4,0.44232,87.802,0.10291,liquid
22,14067,0.8853,1.1296,9.9624,10.662,48.75,40.637,102.38,536.43,0.43898,87.939,0.10303,liquid
22,14133,0.88588,1.1288,9.9565,10.659,48.728,40.632,102.21,537.46,0.43568,88.075,0.10314,liquid
22,14200,0.88646,1.1281,9.9507,10.656,48.707,40.627,102.04,538.49,0.43241,88.211,0.10325,liquid
22,14267,0.88704,1.1273,9.945,10.653,48.686,40.622,101.87,539.51,0.42918,88.347,0.10337,liquid
22,14333,0.88761,1.1266,9.9392,10.65,48.665,40.617,101.7,540.53,0.42597,88.482,0.10348,liquid
22,14400,0.88818,1.1259,9.9335,10.647,48.644,40.612,101.53,541.54,0.42279,88.617,0.10359,liquid
22,14467,0.88875,1.1252,9.9278,10.644,48.623,40.607,101.37,542.54,0.41964,88.751,0.1037,liquid
22,14533,0.88931,1.1245,9.9221,10.641,48.602,40.602,101.21,543.55,0.41652,88.885,0.10381,liquid
22,14600,0.88987,1.1238,9.9165,10.639,48.582,40.597,101.05,544.54,0.41343,89.018,0.10392,liquid
22,14667,0.89043,1.1231,9.9109,10.636,48.561,40.593,100.89,545.54,0.41037,89.151,0.10403,liquid
22,14733,0.89099,1.1224,9.9053,10.633,48.541,40.588,100.73,546.52,0.40733,89.284,0.10414,liquid
22,14800,0.89154,1.1217,9.8997,10.63,48.52,40.584,100.58,547.51,0.40432,89.416,0.10425,liquid
22,14867,0.89209,1.121,9.8942,10.628,48.5,40.58,100.42,548.49,0.40134,89.548,0.10436,liquid
22,14933,0.89264,1.1203,9.8887,10.625,48.48,40.576,100.27,549.46,0.39838,89.679,0.10447,liquid
22,15000,0.89318,1.1196,9.8832,10.622,48.46,40.571,100.12,550.43,0.39545,89.81,0.10458,liquid
22,15067,0.89372,1.1189,9.8777,10.62,48.44,40.567,99.97,551.4,0.39255,89.941,0.10468,liquid
22,15133,0.89426,1.1182,9.8723,10.617,48.42,40.563,99.822,552.36,0.38967,90.071,0.10479,liquid
22,15200,0.8948,1.1176,9.8669,10.614,48.4,40.559,99.676,553.32,0.38681,90.201,0.1049,liquid
22,15267,0.89533,1.1169,9.8615,10.612,48.38,40.556,99.532,554.28,0.38398,90.33,0.10501,liquid
22,15333,0.89586,1.1162,9.8561,10.609,48.36,40.552,99.388,555.23,0.38118,90.459,0.10511,liquid
22,15400,0.89639,1.1156,9.8508,10.607,48.341,40.548,99.247,556.17,0.37839,90.588,0.10522,liquid
22,15467,0.89692,1.1149,9.8454,10.604,48.321,40.544,99.106,557.12,0.37564,90.716,0.10532,liquid
22,15533,0.89744,1.1143,9.8401,10.602,48.302,40.541,98.967,558.06,0.3729,90.844,0.10543,liquid
22,15600,0.89796,1.1136,9.8349,10.599,48.283,40.537,98.83,558.99,0.37019,90.972,0.10553,liquid
22,15667,0.89848,1.113,9.8296,10.597,48.263,40.534,98.693,559.92,0.3675,91.099,0.10564,liquid
22,15733,0.899,1.1123,9.8244,10.595,48.244,40.531,98.558,560.85,0.36483,91.226,0.10574,liquid
22,15800,0.89951,1.1117,9.8192,10.592,48.225,40.527,98.425,561.77,0.36218,91.353,0.10585,liquid
22,15867,0.90002,1.1111,9.814,10.59,48.206,40.524,98.292,562.69,0.35956,91.479,0.10595,liquid
22,15933,0.90053,1.1105,9.8088,10.587,48.187,40.521,98.161,563.61,0.35695,91.605,0.10605,liquid
22,16000,0.90104,1.1098,9.8037,10.585,48.168,40.518,98.031,564.52,0.35437,91.731,0.10616,liquid
22,16067,0.90155,1.1092,9.7986,10.583,48.149,40.515,97.902,565.43,0.35181,91.856,0.10626,liquid
22,16133,0.90205,1.1086,9.7935,10.581,48.13,40.512,97.775,566.34,0.34927,91.981,0.10636,liquid
22,16200,0.90255,1.108,9.7884,10.578,48.112,40.509,97.649,567.24,0.34674,92.106,0.10646,liquid
22,16267,0.90305,1.1074,9.7833,10.576,48.093,40.506,97.523,568.14,0.34424,92.23,0.10657,liquid
22,16333,0.90354,1.1068,9.7783,10.574,48.074,40.503,97.399,569.03,0.34176,92.354,0.10667,liquid
22,16400,0.90404,1.1061,9.7733,10.572,48.056,40.5,97.276,569.92,0.3393,92.478,0.10677,liquid
22,16467,0.90453,1.1055,9.7683,10.569,48.038,40.497,97.155,570.81,0.33685,92.602,0.10687,liquid
22,16533,0.90502,1.1049,9.7633,10.567,48.019,40.495,97.034,571.7,0.33443,92.725,0.10697,liquid
22,16600,0.90551,1.1044,9.7583,10.565,48.001,40.492,96.914,572.58,0.33202,92.848,0.10707,liquid
22,16667,0.90599,1.1038,9.7534,10.563,47.983,40.49,96.796,573.46,0.32963,92.97,0.10717,liquid
22,16733,0.90648,1.1032,9.7484,10.561,47.965,40.487,96.678,574.33,0.32726,93.092,0.10727,liquid
22,16800,0.90696,1.1026,9.7435,10.559,47.946,40.485,96.562,575.2,0.32491,93.214,0.10737,liquid
22,16867,0.90744,1.102,9.7387,10.557,47.928,40.482,96.446,576.07,0.32257,93.336,0.10747,liquid
22,16933,0.90792,1.1014,9.7338,10.555,47.91,40.48,96.332,576.94,0.32026,93.457,0.10757,liquid
22,17000,0.90839,1.1008,9.7289,10.553,47.893,40.477,96.218,577.8,0.31796,93.578,0.10767,liquid
22,17067,0.90886,1.1003,9.7241,10.551,47.875,40.475,96.106,578.66,0.31567,93.699,0.10777,liquid
22,17133,0.90934,1.0997,9.7193,10.549,47.857,40.473,95.994,579.52,0.31341,93.82,0.10786,liquid
22,17200,0.90981,1.0991,9.7145,10.547,47.839,40.471,95.883,580.37,0.31116,93.94,0.10796,liquid
22,17267,0.91027,1.0986,9.7097,10.545,47.822,40.469,95.774,581.22,0.30892,94.06,0.10806,liquid
22,17333,0.91074,1.098,9.705,10.543,47.804,40.466,95.665,582.07,0.3067,94.18,0.10816,liquid
22,17400,0.9112,1.0974,9.7002,10.541,47.787,40.464,95.557,582.91,0.3045,94.299,0.10825,liquid
22,17467,0.91167,1.0969,9.6955,10.539,47.769,40.462,95.45,583.76,0.30232,94.418,0.10835,liquid
22,17533,0.91213,1.0963,9.6908,10.537,47.752,40.46,95.344,584.59,0.30015,94.537,0.10845,liquid
22,17600,0.91259,1.0958,9.6861,10.535,47.734,40.458,95.239,585.43,0.29799,94.656,0.10854,liquid
22,17667,0.91304,1.0952,9.6814,10.533,47.717,40.456,95.134,586.26,0.29585,94.774,0.10864,liquid
22,17733,0.9135,1.0947,9.6768,10.531,47.7,40.455,95.031,587.09,0.29373,94.892,0.10873,liquid
22,17800,0.91395,1.0941,9.6721,10.529,47.683,40.453,94.928,587.92,0.29162,95.01,0.10883,liquid
22,17867,0.9144,1.0936,9.6675,10.527,47.666,40.451,94.826,588.75,0.28952,95.128,0.10892,liquid
22,17933,0.91485,1.0931,9.6629,10.526,47.649,40.449,94.725,589.57,0.28744,95.245,0.10902,liquid
22,18000,0.9153,1.0925,9.6583,10.524,47.632,40.447,94.625,590.39,0.28538,95.362,0.10911,liquid
22,18067,0.91575,1.092,9.6537,10.522,47.615,40.446,94.525,591.21,0.28333,95.479,0.10921,liquid
22,18133,0.91619,1.0915,9.6492,10.52,47.598,40.444,94.427,592.02,0.28129,95.595,0.1093,liquid
22,18200,0.91664,1.0909,9.6446,10.518,47.581,40.442,94.329,592.83,0.27926,95.712,0.1094,liquid
22,18267,0.91708,1.0904,9.6401,10.517,47.564,40.441,94.232,593.64,0.27725,95.828,0.10949,liquid
22,18333,0.91752,1.0899,9.6356,10.515,47.548,40.439,94.135,594.45,0.27526,95.944,0.10958,liquid
22,18400,0.91796,1.0894,9.6311,10.513,47.531,40.438,94.04,595.25,0.27327,96.059,0.10968,liquid
22,18467,0.91839,1.0889,9.6266,10.512,47.514,40.436,93.945,596.05,0.2713,96.175,0.10977,liquid
22,18533,0.91883,1.0883,9.6222,10.51,47.498,40.435,93.85,596.85,0.26935,96.29,0.10986,liquid
22,18600,0.91926,1.0878,9.6177,10.508,47.481,40.433,93.757,597.65,0.2674,96.405,0.10996,liquid
22,18667,0.91969,1.0873,9.6133,10.507,47.465,40.432,93.664,598.44,0.26547,96.52,0.11005,liquid
22,18733,0.92013,1.0868,9.6089,10.505,47.448,40.431,93.572,599.23,0.26355,96.634,0.11014,liquid
22,18800,0.92055,1.0863,9.6044,10.503,47.432,40.429,93.481,600.02,0.26165,96.748,0.11023,liquid
22,18867,0.92098,1.0858,9.6001,10.502,47.416,40.428,93.39,600.81,0.25975,96.862,0.11032,liquid
22,18933,0.92141,1.0853,9.5957,10.5,47.399,40.427,93.3,601.59,0.25787,96.976,0.11042,liquid
22,19000,0.92183,1.0848,9.5913,10.498,47.383,40.426,93.21,602.38,0.256,97.09,0.11051,liquid
22,19067,0.92225,1.0843,9.587,10.497,47.367,40.424,93.122,603.16,0.25414,97.203,0.1106,liquid
22,19133,0.92268,1.0838,9.5826,10.495,47.351,40.423,93.034,603.93,0.2523,97.316,0.11069,liquid
22,19200,0.9231,1.0833,9.5783,10.494,47.335,40.422,92.946,604.71,0.25047,97.429,0.11078,liquid
22,19267,0.92351,1.0828,9.574,10.492,47.319,40.421,92.859,605.48,0.24864,97.542,0.11087,liquid
22,19333,0.92393,1.0823,9.5697,10.491,47.303,40.42,92.773,606.25,0.24683,97.655,0.11096,liquid
22,19400,0.92435,1.0818,9.5654,10.489,47.287,40.419,92.688,607.02,0.24503,97.767,0.11105,liquid
22,19467,0.92476,1.0814,9.5612,10.488,47.271,40.418,92.603,607.79,0.24325,97.879,0.11114,liquid
22,19533,0.92517,1.0809,9.5569,10.486,47.255,40.417,92.518,608.55,0.24147,97.991,0.11123,liquid
22,19600,0.92559,1.0804,9.5527,10.485,47.24,40.416,92.434,609.31,0.2397,98.103,0.11132,liquid
22,19667,0.926,1.0799,9.5484,10.483,47.224,40.415,92.351,610.07,0.23795,98.214,0.11141,liquid
22,19733,0.9264,1.0794,9.5442,10.482,47.208,40.414,92.269,610.83,0.2362,98.326,0.1115,liquid
22,19800,0.92681,1.079,9.54,10.48,47.193,40.413,92.186,611.58,0.23447,98.437,0.11158,liquid
22,19867,0.92722,1.0785,9.5358,10.479,47.177,40.412,92.105,612.34,0.23275,98.548,0.11167,liquid
22,19933,0.92762,1.078,9.5317,10.477,47.161,40.411,92.024,613.09,0.23103,98.658,0.11176,liquid
22,20000,0.92803,1.0776,9.5275,10.476,47.146,40.41,91.944,613.83,0.22933,98.769,0.11185,liquid
22,20067,0.92843,1.0771,9.5233,10.475,47.131,40.409,91.864,614.58,0.22764,98.879,0.11194,liquid
22,20133,0.92883,1.0766,9.5192,10.473,47.115,40.409,91.785,615.33,0.22596,98.989,0.11202,liquid
22,20200,0.92923,1.0762,9.5151,10.472,47.1,40.408,91.706,616.07,0.22429,99.099,0.11211,liquid
22,20267,0.92962,1.0757,9.511,10.47,47.084,40.407,91.628,616.81,0.22262,99.209,0.1122,liquid
22,20333,0.93002,1.0752,9.5069,10.469,47.069,40.406,91.55,617.55,0.22097,99.318,0.11229,liquid
22,20400,0.93042,1.0748,9.5028,10.468,47.054,40.406,91.473,618.28,0.21933,99.428,0.11237,liquid
22,20467,0.93081,1.0743,9.4987,10.466,47.039,40.405,91.396,619.02,0.2177,99.537,0.11246,liquid
22,20533,0.9312,1.0739,9.4946,10.465,47.024,40.404,91.32,619.75,0.21608,99.646,0.11255,liquid
22,20600,0.9316,1.0734,9.4906,10.464,47.008,40.403,91.244,620.48,0.21446,99.755,0.11263,liquid
22,20667,0.93199,1.073,9.4866,10.462,46.993,40.403,91.169,621.21,0.21286,99.863,0.11272,liquid
22,20733,0.93238,1.0725,9.4825,10.461,46.978,40.402,91.095,621.94,0.21126,99.972,0.1128,liquid
22,20800,0.93276,1.0721,9.4785,10.46,46.963,40.402,91.02,622.66,0.20968,100.08,0.11289,liquid
22,20867,0.93315,1.0716,9.4745,10.459,46.948,40.401,90.947,623.39,0.2081,100.19,0.11298,liquid
22,20933,0.93354,1.0712,9.4705,10.457,46.934,40.4,90.874,624.11,0.20653,100.3,0.11306,liquid
22,21000,0.93392,1.0708,9.4665,10.456,46.919,40.4,90.801,624.83,0.20497,100.4,0.11315,liquid
22,21067,0.9343,1.0703,9.4626,10.455,46.904,40.399,90.729,625.54,0.20342,100.51,0.11323,liquid
22,21133,0.93469,1.0699,9.4586,10.454,46.889,40.399,90.657,626.26,0.20188,100.62,0.11332,liquid
22,21200,0.93507,1.0694,9.4547,10.452,46.874,40.398,90.585,626.97,0.20035,100.73,0.1134,liquid
22,21267,0.93545,1.069,9.4507,10.451,46.86,40.398,90.514,627.69,0.19883,100.83,0.11349,liquid
22,21333,0.93582,1.0686,9.4468,10.45,46.845,40.398,90.444,628.4,0.19731,100.94,0.11357,liquid
22,21400,0.9362,1.0681,9.4429,10.449,46.83,40.397,90.374,629.1,0.19581,101.05,0.11365,liquid
22,21467,0.93658,1.0677,9.439,10.448,46.816,40.397,90.304,629.81,0.19431,101.15,0.11374,liquid
22,21533,0.93695,1.0673,9.4351,10.447,46.801,40.396,90.235,630.51,0.19282,101.26,0.11382,liquid
22,21600,0.93733,1.0669,9.4312,10.445,46.787,40.396,90.166,631.22,0.19134,101.37,0.11391,liquid
22,21667,0.9377,1.0664,9.4273,10.444,46.772,40.396,90.098,631.92,0.18986,101.47,0.11399,liquid
22,21733,0.93807,1.066,9.4235,10.443,46.758,40.395,90.03,632.62,0.1884,101.58,0.11407,liquid
22,21800,0.93844,1.0656,9.4196,10.442,46.743,40.395,89.963,633.32,0.18694,101.68,0.11416,liquid
22,21867,0.93881,1.0652,9.4158,10.441,46.729,40.395,89.896,634.01,0.18549,101.79,0.11424,liquid
22,21933,0.93918,1.0648,9.412,10.44,46.715,40.394,89.829,634.71,0.18405,101.89,0.11432,liquid
22,22000,0.93955,1.0643,9.4081,10.439,46.7,40.394,89.763,635.4,0.18261,102,0.1144,liquid
22,22067,0.93991,1.0639,9.4043,10.438,46.686,40.394,89.697,636.09,0.18119,102.1,0.11449,liquid
22,22133,0.94028,1.0635,9.4005,10.436,46.672,40.393,89.632,636.78,0.17977,102.21,0.11457,liquid
22,22200,0.94064,1.0631,9.3967,10.435,46.658,40.393,89.566,637.47,0.17836,102.31,0.11465,liquid
22,22267,0.94101,1.0627,9.393,10.434,46.643,40.393,89.502,638.15,0.17695,102.42,0.11473,liquid
22,22333,0.94137,1.0623,9.3892,10.433,46.629,40.393,89.438,638.84,0.17556,102.52,0.11482,liquid
22,22400,0.94173,1.0619,9.3854,10.432,46.615,40.393,89.374,639.52,0.17417,102.63,0.1149,liquid
22,22467,0.94209,1.0615,9.3817,10.431,46.601,40.392,89.31,640.2,0.17279,102.73,0.11498,liquid
22,22533,0.94245,1.0611,9.378,10.43,46.587,40.392,89.247,640.88,0.17141,102.84,0.11506,liquid
22,22600,0.94281,1.0607,9.3742,10.429,46.573,40.392,89.184,641.56,0.17005,102.94,0.11514,liquid
22,22667,0.94317,1.0603,9.3705,10.428,46.559,40.392,89.122,642.24,0.16869,103.04,0.11522,liquid
22,22733,0.94352,1.0599,9.3668,10.427,46.545,40.392,89.06,642.91,0.16733,103.15,0.1153,liquid
22,22800,0.94388,1.0595,9.3631,10.426,46.531,40.392,88.998,643.59,0.16599,103.25,0.11538,liquid
22,22867,0.94423,1.0591,9.3594,10.425,46.518,40.392,88.936,644.26,0.16465,103.35,0.11546,liquid
22,22933,0.94458,1.0587,9.3557,10.424,46.504,40.392,88.875,644.93,0.16332,103.46,0.11554,liquid
22,23000,0.94494,1.0583,9.3521,10.423,46.49,40.391,88.815,645.6,0.16199,103.56,0.11563,liquid
22,23067,0.94529,1.0579,9.3484,10.422,46.476,40.391,88.754,646.27,0.16067,103.66,0.11571,liquid
22,23133,0.94564,1.0575,9.3448,10.421,46.462,40.391,88.694,646.93,0.15936,103.77,0.11579,liquid
22,23200,0.94599,1.0571,9.3411,10.42,46.449,40.391,88.635,647.6,0.15806,103.87,0.11587,liquid
22,23267,0.94634,1.0567,9.3375,10.42,46.435,40.391,88.576,648.26,0.15676,103.97,0.11594,liquid
22,23333,0.94668,1.0563,9.3339,10.419,46.421,40.391,88.517,648.92,0.15547,104.07,0.11602,liquid
22,23400,0.94703,1.0559,9.3302,10.418,46.408,40.391,88.458,649.58,0.15418,104.18,0.1161,liquid
22,23467,0.94738,1.0555,9.3266,10.417,46.394,40.391,88.4,650.24,0.1529,104.28,0.11618,liquid
22,23533,0.94772,1.0552,9.323,10.416,46.381,40.391,88.342,650.9,0.15163,104.38,0.11626,liquid
22,23600,0.94806,1.0548,9.3194,10.415,46.367,40.391,88.284,651.55,0.15036,104.48,0.11634,liquid
22,23667,0.94841,1.0544,9.3159,10.414,46.354,40.391,88.227,652.21,0.1491,104.58,0.11642,liquid
22,23733,0.94875,1.054,9.3123,10.413,46.34,40.392,88.17,652.86,0.14785,104.68,0.1165,liquid
22,23800,0.94909,1.0536,9.3087,10.412,46.327,40.392,88.113,653.51,0.1466,104.79,0.11658,liquid
22,23867,0.94943,1.0533,9.3052,10.412,46.314,40.392,88.056,654.16,0.14536,104.89,0.11666,liquid
22,23933,0.94977,1.0529,9.3016,10.411,46.3,40.392,88,654.81,0.14412,104.99,0.11673,liquid
22,24000,0.95011,1.0525,9.2981,10.41,46.287,40.392,87.944,655.46,0.14289,105.09,0.11681,liquid
22,24067,0.95044,1.0521,9.2946,10.409,46.274,40.392,87.889,656.1,0.14167,105.19,0.11689,liquid
22,24133,0.95078,1.0518,9.2911,10.408,46.26,40.392,87.834,656.75,0.14045,105.29,0.11697,liquid
22,24200,0.95112,1.0514,9.2876,10.407,46.247,40.392,87.779,657.39,0.13924,105.39,0.11705,liquid
22,24267,0.95145,1.051,9.2841,10.407,46.234,40.392,87.724,658.03,0.13804,105.49,0.11712,liquid
22,24333,0.95178,1.0507,9.2806,10.406,46.221,40.393,87.67,658.67,0.13684,105.59,0.1172,liquid
22,24400,0.95212,1.0503,9.2771,10.405,46.208,40.393,87.616,659.31,0.13564,105.69,0.11728,liquid
22,24467,0.95245,1.0499,9.2736,10.404,46.195,40.393,87.562,659.95,0.13445,105.79,0.11736,liquid
22,24533,0.95278,1.0496,9.2701,10.403,46.181,40.393,87.509,660.58,0.13327,105.89,0.11743,liquid
22,24600,0.95311,1.0492,9.2667,10.403,46.168,40.393,87.455,661.22,0.13209,105.99,0.11751,liquid
22,24667,0.95344,1.0488,9.2632,10.402,46.155,40.394,87.402,661.85,0.13092,106.09,0.11759,liquid
22,24733,0.95377,1.0485,9.2598,10.401,46.142,40.394,87.35,662.49,0.12976,106.19,0.11766,liquid
22,24800,0.9541,1.0481,9.2563,10.4,46.129,40.394,87.297,663.12,0.12859,106.29,0.11774,liquid
22,24867,0.95443,1.0478,9.2529,10.4,46.116,40.394,87.245,663.75,0.12744,106.39,0.11782,liquid
22,24933,0.95475,1.0474,9.2495,10.399,46.104,40.394,87.193,664.38,0.12629,106.49,0.11789,liquid
22,25000,0.95508,1.047,9.2461,10.398,46.091,40.395,87.142,665,0.12515,106.59,0.11797,liquid
22,25067,0.9554,1.0467,9.2427,10.397,46.078,40.395,87.091,665.63,0.12401,106.69,0.11804,liquid
22,25133,0.95573,1.0463,9.2393,10.397,46.065,40.395,87.04,666.25,0.12287,106.79,0.11812,liquid
22,25200,0.95605,1.046,9.2359,10.396,46.052,40.396,86.989,666.88,0.12174,106.88,0.1182,liquid
22,25267,0.95637,1.0456,9.2325,10.395,46.039,40.396,86.938,667.5,0.12062,106.98,0.11827,liquid
22,25333,0.95669,1.0453,9.2292,10.395,46.027,40.396,86.888,668.12,0.1195,107.08,0.11835,liquid
22,25400,0.95702,1.0449,9.2258,10.394,46.014,40.396,86.838,668.74,0.11839,107.18,0.11842,liquid
22,25467,0.95734,1.0446,9.2224,10.393,46.001,40.397,86.788,669.36,0.11728,107.28,0.1185,liquid
22,25533,0.95765,1.0442,9.2191,10.392,45.989,40.397,86.739,669.98,0.11618,107.38,0.11857,liquid
22,25600,0.95797,1.0439,9.2157,10.392,45.976,40.397,86.689,670.59,0.11508,107.47,0.11865,liquid
22,25667,0.95829,1.0435,9.2124,10.391,45.963,40.398,86.64,671.21,0.11399,107.57,0.11872,liquid
22,25733,0.95861,1.0432,9.2091,10.391,45.951,40.398,86.592,671.82,0.1129,107.67,0.1188,liquid
22,25800,0.95892,1.0428,9.2058,10.39,45.938,40.398,86.543,672.44,0.11182,107.77,0.11887,liquid
22,25867,0.95924,1.0425,9.2025,10.389,45.926,40.399,86.495,673.05,0.11074,107.86,0.11895,liquid
22,25933,0.95955,1.0422,9.1992,10.389,45.913,40.399,86.447,673.66,0.10966,107.96,0.11902,liquid
22,26000,0.95987,1.0418,9.1959,10.388,45.901,40.4,86.399,674.27,0.10859,108.06,0.1191,liquid
22,26067,0.96018,1.0415,9.1926,10.387,45.888,40.4,86.351,674.88,0.10753,108.16,0.11917,liquid
22,26133,0.96049,1.0411,9.1893,10.387,45.876,40.4,86.304,675.48,0.10647,108.25,0.11924,liquid
22,26200,0.96081,1.0408,9.186,10.386,45.863,40.401,86.257,676.09,0.10542,108.35,0.11932,liquid
22,26267,0.96112,1.0405,9.1827,10.386,45.851,40.401,86.21,676.69,0.10437,108.45,0.11939,liquid
22,26333,0.96143,1.0401,9.1795,10.385,45.839,40.402,86.163,677.3,0.10332,108.54,0.11946,liquid
22,26400,0.96174,1.0398,9.1762,10.384,45.826,40.402,86.117,677.9,0.10228,108.64,0.11954,liquid
22,26467,0.96205,1.0395,9.173,10.384,45.814,40.402,86.07,678.5,0.10124,108.74,0.11961,liquid
22,26533,0.96235,1.0391,9.1697,10.383,45.802,40.403,86.024,679.1,0.10021,108.83,0.11969,liquid
22,26600,0.96266,1.0388,9.1665,10.383,45.789,40.403,85.978,679.7,0.099185,108.93,0.11976,liquid
22,26667,0.96297,1.0385,9.1633,10.382,45.777,40.404,85.933,680.3,0.098162,109.03,0.11983,liquid
22,26733,0.96327,1.0381,9.1601,10.381,45.765,40.404,85.888,680.89,0.097144,109.12,0.1199,liquid
22,26800,0.96358,1.0378,9.1569,10.381,45.753,40.405,85.842,681.49,0.09613,109.22,0.11998,liquid
22,26867,0.96388,1.0375,9.1537,10.38,45.741,40.405,85.797,682.08,0.095121,109.31,0.12005,liquid
22,26933,0.96419,1.0371,9.1505,10.38,45.728,40.406,85.753,682.68,0.094115,109.41,0.12012,liquid
22,27000,0.96449,1.0368,9.1473,10.379,45.716,40.406,85.708,683.27,0.093115,109.51,0.1202,liquid
22,27067,0.96479,1.0365,9.1441,10.379,45.704,40.407,85.664,683.86,0.092118,109.6,0.12027,liquid
22,27133,0.9651,1.0362,9.1409,10.378,45.692,40.407,85.62,684.45,0.091125,109.7,0.12034,liquid
22,27200,0.9654,1.0358,9.1377,10.378,45.68,40.408,85.576,685.04,0.090137,109.79,0.12041,liquid
22,27267,0.9657,1.0355,9.1346,10.377,45.668,40.408,85.532,685.63,0.089153,109.89,0.12048,liquid
22,27333,0.966,1.0352,9.1314,10.377,45.656,40.409,85.489,686.22,0.088173,109.98,0.12056,liquid
22,27400,0.9663,1.0349,9.1283,10.376,45.644,40.409,85.445,686.8,0.087198,110.08,0.12063,liquid
22,27467,0.96659,1.0346,9.1251,10.376,45.632,40.41,85.402,687.39,0.086226,110.17,0.1207,liquid
22,27533,0.96689,1.0342,9.122,10.375,45.62,40.41,85.359,687.97,0.085258,110.27,0.12077,liquid
22,27600,0.96719,1.0339,9.1189,10.375,45.608,40.411,85.317,688.56,0.084295,110.36,0.12084,liquid
22,27667,0.96749,1.0336,9.1157,10.374,45.596,40.411,85.274,689.14,0.083335,110.46,0.12091,liquid
22,27733,0.96778,1.0333,9.1126,10.374,45.584,40.412,85.232,689.72,0.08238,110.55,0.12099,liquid
22,27800,0.96808,1.033,9.1095,10.373,45.573,40.412,85.19,690.3,0.081428,110.65,0.12106,liquid
22,27867,0.96837,1.0327,9.1064,10.373,45.561,40.413,85.148,690.88,0.080481,110.74,0.12113,liquid
22,27933,0.96867,1.0323,9.1033,10.372,45.549,40.414,85.106,691.46,0.079537,110.84,0.1212,liquid
22,28000,0.96896,1.032,9.1002,10.372,45.537,40.414,85.064,692.03,0.078597,110.93,0.12127,liquid
22,28067,0.96925,1.0317,9.0971,10.372,45.525,40.415,85.023,692.61,0.077661,111.02,0.12134,liquid
22,28133,0.96954,1.0314,9.094,10.371,45.514,40.415,84.982,693.18,0.076729,111.12,0.12141,liquid
22,28200,0.96984,1.0311,9.091,10.371,45.502,40.416,84.941,693.76,0.075801,111.21,0.12148,liquid
22,28267,0.97013,1.0308,9.0879,10.37,45.49,40.417,84.9,694.33,0.074876,111.31,0.12155,liquid
22,28333,0.97042,1.0305,9.0848,10.37,45.479,40.417,84.859,694.9,0.073955,111.4,0.12162,liquid
22,28400,0.97071,1.0302,9.0818,10.369,45.467,40.418,84.819,695.47,0.073038,111.49,0.12169,liquid
22,28467,0.97099,1.0299,9.0787,10.369,45.455,40.418,84.779,696.04,0.072125,111.59,0.12176,liquid
22,28533,0.97128,1.0296,9.0757,10.369,45.444,40.419,84.738,696.61,0.071215,111.68,0.12183,liquid
22,28600,0.97157,1.0293,9.0727,10.368,45.432,40.42,84.698,697.18,0.070309,111.77,0.1219,liquid
22,28667,0.97186,1.029,9.0696,10.368,45.421,40.42,84.659,697.75,0.069407,111.87,0.12197,liquid
22,28733,0.97214,1.0287,9.0666,10.367,45.409,40.421,84.619,698.31,0.068508,111.96,0.12204,liquid
22,28800,0.97243,1.0284,9.0636,10.367,45.398,40.421,84.58,698.88,0.067613,112.05,0.12211,liquid
22,28867,0.97272,1.028,9.0606,10.367,45.386,40.422,84.54,699.44,0.066721,112.15,0.12218,liquid
22,28933,0.973,1.0277,9.0576,10.366,45.375,40.423,84.501,700.01,0.065833,112.24,0.12225,liquid
22,29000,0.97328,1.0274,9.0546,10.366,45.363,40.423,84.462,700.57,0.064948,112.33,0.12232,liquid
22,29067,0.97357,1.0271,9.0516,10.366,45.352,40.424,84.424,701.13,0.064067,112.43,0.12239,liquid
22,29133,0.97385,1.0269,9.0486,10.365,45.34,40.425,84.385,701.69,0.06319,112.52,0.12246,liquid
22,29200,0.97413,1.0266,9.0456,10.365,45.329,40.425,84.347,702.25,0.062315,112.61,0.12253,liquid
22,29267,0.97441,1.0263,9.0426,10.364,45.317,40.426,84.308,702.81,0.061445,112.7,0.1226,liquid
22,29333,0.9747,1.026,9.0396,10.364,45.306,40.427,84.27,703.37,0.060577,112.8,0.12267,liquid
22,29400,0.97498,1.0257,9.0367,10.364,45.295,40.427,84.232,703.93,0.059714,112.89,0.12274,liquid
22,29467,0.97526,1.0254,9.0337,10.363,45.283,40.428,84.194,704.48,0.058853,112.98,0.12281,liquid
22,29533,0.97554,1.0251,9.0308,10.363,45.272,40.429,84.157,705.04,0.057996,113.07,0.12287,liquid
22,29600,0.97582,1.0248,9.0278,10.363,45.261,40.43,84.119,705.59,0.057142,113.16,0.12294,liquid
22,29667,0.97609,1.0245,9.0249,10.362,45.25,40.43,84.082,706.15,0.056291,113.26,0.12301,liquid
22,29733,0.97637,1.0242,9.0219,10.362,45.238,40.431,84.045,706.7,0.055444,113.35,0.12308,liquid
22,29800,0.97665,1.0239,9.019,10.362,45.227,40.432,84.008,707.25,0.0546,113.44,0.12315,liquid
22,29867,0.97693,1.0236,9.0161,10.362,45.216,40.432,83.971,707.8,0.053759,113.53,0.12322,liquid
22,29933,0.9772,1.0233,9.0132,10.361,45.205,40.433,83.934,708.35,0.052921,113.62,0.12328,liquid
22,30000,0.97748,1.023,9.0102,10.361,45.194,40.434,83.898,708.9,0.052087,113.71,0.12335,liquid
22,30067,0.97775,1.0228,9.0073,10.361,45.182,40.435,83.861,709.45,0.051256,113.81,0.12342,liquid
22,30133,0.97803,1.0225,9.0044,10.36,45.171,40.435,83.825,710,0.050428,113.9,0.12349,liquid
22,30200,0.9783,1.0222,9.0015,10.36,45.16,40.436,83.789,710.54,0.049603,113.99,0.12356,liquid
22,30267,0.97857,1.0219,8.9986,10.36,45.149,40.437,83.753,711.09,0.048781,114.08,0.12362,liquid
22,30333,0.97885,1.0216,8.9957,10.36,45.138,40.437,83.717,711.63,0.047962,114.17,0.12369,liquid
22,30400,0.97912,1.0213,8.9929,10.359,45.127,40.438,83.682,712.18,0.047147,114.26,0.12376,liquid
22,30467,0.97939,1.021,8.99,10.359,45.116,40.439,83.646,712.72,0.046334,114.35,0.12383,liquid
22,30533,0.97966,1.0208,8.9871,10.359,45.105,40.44,83.611,713.26,0.045525,114.44,0.12389,liquid
22,30600,0.97993,1.0205,8.9842,10.359,45.094,40.44,83.576,713.8,0.044718,114.54,0.12396,liquid
22,30667,0.9802,1.0202,8.9814,10.358,45.083,40.441,83.541,714.34,0.043915,114.63,0.12403,liquid
22,30733,0.98047,1.0199,8.9785,10.358,45.072,40.442,83.506,714.88,0.043114,114.72,0.1241,liquid
22,30800,0.98074,1.0196,8.9757,10.358,45.061,40.443,83.471,715.42,0.042317,114.81,0.12416,liquid
22,30867,0.98101,1.0194,8.9728,10.358,45.05,40.444,83.436,715.96,0.041522,114.9,0.12423,liquid
22,30933,0.98128,1.0191,8.97,10.357,45.039,40.444,83.402,716.5,0.040731,114.99,0.1243,liquid
22,31000,0.98154,1.0188,8.9672,10.357,45.028,40.445,83.367,717.04,0.039942,115.08,0.12436,liquid
22,31067,0.98181,1.0185,8.9643,10.357,45.017,40.446,83.333,717.57,0.039156,115.17,0.12443,liquid
22,31133,0.98208,1.0182,8.9615,10.357,45.007,40.447,83.299,718.11,0.038374,115.26,0.1245,liquid
22,31200,0.98234,1.018,8.9587,10.356,44.996,40.447,83.265,718.64,0.037594,115.35,0.12456,liquid
22,31267,0.98261,1.0177,8.9559,10.356,44.985,40.448,83.231,719.17,0.036816,115.44,0.12463,liquid
22,31333,0.98287,1.0174,8.9531,10.356,44.974,40.449,83.197,719.71,0.036042,115.53,0.12469,liquid
22,31400,0.98314,1.0171,8.9503,10.356,44.963,40.45,83.164,720.24,0.035271,115.62,0.12476,liquid
22,31467,0.9834,1.0169,8.9475,10.356,44.953,40.451,83.13,720.77,0.034502,115.71,0.12483,liquid
22,31533,0.98367,1.0166,8.9447,10.355,44.942,40.451,83.097,721.3,0.033736,115.8,0.12489,liquid
22,31600,0.98393,1.0163,8.9419,10.355,44.931,40.452,83.064,721.83,0.032973,115.89,0.12496,liquid
22,31667,0.98419,1.0161,8.9391,10.355,44.92,40.453,83.031,722.36,0.032213,115.98,0.12502,liquid
22,31733,0.98445,1.0158,8.9363,10.355,44.91,40.454,82.998,722.88,0.031455,116.07,0.12509,liquid
22,31800,0.98472,1.0155,8.9335,10.355,44.899,40.455,82.965,723.41,0.0307,116.16,0.12516,liquid
22,31867,0.98498,1.0153,8.9308,10.355,44.888,40.456,82.932,723.94,0.029948,116.25,0.12522,liquid
22,31933,0.98524,1.015,8.928,10.354,44.878,40.456,82.9,724.46,0.029198,116.34,0.12529,liquid
22,32000,0.9855,1.0147,8.9252,10.354,44.867,40.457,82.867,724.99,0.028452,116.43,0.12535,liquid
22,32067,0.98576,1.0144,8.9225,10.354,44.856,40.458,82.835,725.51,0.027708,116.51,0.12542,liquid
22,32133,0.98602,1.0142,8.9197,10.354,44.846,40.459,82.803,726.04,0.026966,116.6,0.12548,liquid
22,32200,0.98627,1.0139,8.917,10.354,44.835,40.46,82.771,726.56,0.026227,116.69,0.12555,liquid
22,32267,0.98653,1.0137,8.9142,10.354,44.825,40.461,82.739,727.08,0.025491,116.78,0.12561,liquid
22,32333,0.98679,1.0134,8.9115,10.354,44.814,40.461,82.707,727.6,0.024757,116.87,0.12568,liquid
22,32400,0.98705,1.0131,8.9088,10.353,44.804,40.462,82.675,728.12,0.024026,116.96,0.12574,liquid
22,32467,0.9873,1.0129,8.9061,10.353,44.793,40.463,82.644,728.64,0.023298,117.05,0.12581,liquid
22,32533,0.98756,1.0126,8.9033,10.353,44.783,40.464,82.612,729.16,0.022572,117.14,0.12587,liquid
22,32600,0.98782,1.0123,8.9006,10.353,44.772,40.465,82.581,729.68,0.021848,117.23,0.12594,liquid
22,32667,0.98807,1.0121,8.8979,10.353,44.762,40.466,82.55,730.19,0.021127,117.31,0.126,liquid
22,32733,0.98833,1.0118,8.8952,10.353,44.751,40.466,82.519,730.71,0.020409,117.4,0.12607,liquid
22,32800,0.98858,1.0116,8.8925,10.353,44.741,40.467,82.488,731.23,0.019693,117.49,0.12613,liquid
22,32867,0.98883,1.0113,8.8898,10.353,44.73,40.468,82.457,731.74,0.01898,117.58,0.1262,liquid
22,32933,0.98909,1.011,8.8871,10.352,44.72,40.469,82.426,732.26,0.018269,117.67,0.12626,liquid
22,33000,0.98934,1.0108,8.8844,10.352,44.71,40.47,82.395,732.77,0.017561,117.76,0.12632,liquid
22,33067,0.98959,1.0105,8.8817,10.352,44.699,40.471,82.365,733.28,0.016855,117.84,0.12639,liquid
22,33133,0.98985,1.0103,8.879,10.352,44.689,40.472,82.334,733.8,0.016151,117.93,0.12645,liquid
22,33200,0.9901,1.01,8.8764,10.352,44.679,40.473,82.304,734.31,0.01545,118.02,0.12652,liquid
22,33267,0.99035,1.0097,8.8737,10.352,44.668,40.473,82.274,734.82,0.014751,118.11,0.12658,liquid
22,33333,0.9906,1.0095,8.871,10.352,44.658,40.474,82.244,735.33,0.014055,118.2,0.12664,liquid
22,33400,0.99085,1.0092,8.8684,10.352,44.648,40.475,82.214,735.84,0.013361,118.28,0.12671,liquid
22,33467,0.9911,1.009,8.8657,10.352,44.637,40.476,82.184,736.35,0.012669,118.37,0.12677,liquid
22,33533,0.99135,1.0087,8.8631,10.352,44.627,40.477,82.154,736.85,0.01198,118.46,0.12684,liquid
22,33600,0.9916,1.0085,8.8604,10.352,44.617,40.478,82.124,737.36,0.011293,118.55,0.1269,liquid
22,33667,0.99185,1.0082,8.8578,10.352,44.607,40.479,82.095,737.87,0.010609,118.63,0.12696,liquid
22,33733,0.99209,1.008,8.8551,10.352,44.596,40.48,82.065,738.37,0.0099265,118.72,0.12703,liquid
22,33800,0.99234,1.0077,8.8525,10.351,44.586,40.481,82.036,738.88,0.0092466,118.81,0.12709,liquid
22,33867,0.99259,1.0075,8.8499,10.351,44.576,40.482,82.007,739.38,0.0085689,118.9,0.12715,liquid
22,33933,0.99284,1.0072,8.8472,10.351,44.566,40.482,81.978,739.89,0.0078936,118.98,0.12722,liquid
22,34000,0.99308,1.007,8.8446,10.351,44.556,40.483,81.949,740.39,0.0072205,119.07,0.12728,liquid
22,34067,0.99333,1.0067,8.842,10.351,44.546,40.484,81.92,740.89,0.0065496,119.16,0.12734,liquid
22,34133,0.99357,1.0065,8.8394,10.351,44.536,40.485,81.891,741.4,0.005881,119.24,0.12741,liquid
22,34200,0.99382,1.0062,8.8368,10.351,44.525,40.486,81.862,741.9,0.0052147,119.33,0.12747,liquid
22,34267,0.99406,1.006,8.8342,10.351,44.515,40.487,81.834,742.4,0.0045505,119.42,0.12753,liquid
22,34333,0.99431,1.0057,8.8316,10.351,44.505,40.488,81.805,742.9,0.0038886,119.51,0.12759,liquid
22,34400,0.99455,1.0055,8.829,10.351,44.495,40.489,81.777,743.4,0.0032288,119.59,0.12766,liquid
22,34467,0.9948,1.0052,8.8264,10.351,44.485,40.49,81.748,743.89,0.0025713,119.68,0.12772,liquid
22,34533,0.99504,1.005,8.8238,10.351,44.475,40.491,81.72,744.39,0.0019159,119.77,0.12778,liquid
22,34600,0.99528,1.0047,8.8212,10.351,44.465,40.492,81.692,744.89,0.0012627,119.85,0.12784,liquid
22,34667,0.99552,1.0045,8.8186,10.351,44.455,40.493,81.664,745.39,0.00061158,119.94,0.12791,liquid
22,34733,0.99577,1.0043,8.816,10.351,44.445,40.494,81.636,745.88,-3.74E-05,120.03,0.12797,liquid
22,34800,0.99601,1.004,8.8135,10.351,44.435,40.495,81.608,746.38,-0.00068417,120.11,0.12803,liquid
22,34867,0.99625,1.0038,8.8109,10.351,44.425,40.495,81.581,746.87,-0.0013289,120.2,0.12809,liquid
22,34933,0.99649,1.0035,8.8083,10.351,44.415,40.496,81.553,747.37,-0.0019715,120.28,0.12816,liquid
22,35000,0.99673,1.0033,8.8058,10.351,44.405,40.497,81.525,747.86,-0.002612,120.37,0.12822,liquid
22,35067,0.99697,1.003,8.8032,10.351,44.395,40.498,81.498,748.35,-0.0032504,120.46,0.12828,liquid
22,35133,0.99721,1.0028,8.8007,10.351,44.385,40.499,81.471,748.84,-0.0038867,120.54,0.12834,liquid
22,35200,0.99745,1.0026,8.7981,10.351,44.376,40.5,81.443,749.34,-0.004521,120.63,0.1284,liquid
22,35267,0.99769,1.0023,8.7956,10.351,44.366,40.501,81.416,749.83,-0.0051532,120.71,0.12847,liquid
22,35333,0.99792,1.0021,8.793,10.351,44.356,40.502,81.389,750.32,-0.0057834,120.8,0.12853,liquid
22,35400,0.99816,1.0018,8.7905,10.351,44.346,40.503,81.362,750.81,-0.0064116,120.89,0.12859,liquid
22,35467,0.9984,1.0016,8.788,10.351,44.336,40.504,81.335,751.29,-0.0070377,120.97,0.12865,liquid
22,35533,0.99864,1.0014,8.7854,10.351,44.326,40.505,81.309,751.78,-0.0076618,121.06,0.12871,liquid
22,35600,0.99887,1.0011,8.7829,10.351,44.317,40.506,81.282,752.27,-0.0082839,121.14,0.12877,liquid
22,35667,0.99911,1.0009,8.7804,10.351,44.307,40.507,81.255,752.76,-0.0089041,121.23,0.12883,liquid
22,35733,0.99934,1.0007,8.7779,10.352,44.297,40.508,81.229,753.24,-0.0095222,121.32,0.1289,liquid
22,35800,0.99958,1.0004,8.7754,10.352,44.287,40.509,81.202,753.73,-0.010138,121.4,0.12896,liquid
22,35867,0.99981,1.0002,8.7729,10.352,44.277,40.51,81.176,754.21,-0.010753,121.49,0.12902,liquid
22,35933,1,0.99995,8.7704,10.352,44.268,40.511,81.15,754.7,-0.011365,121.57,0.12908,liquid
22,36000,1.0003,0.99972,8.7679,10.352,44.258,40.512,81.124,755.18,-0.011975,121.66,0.12914,liquid
22,36067,1.0005,0.99948,8.7654,10.352,44.248,40.513,81.098,755.67,-0.012584,121.74,0.1292,liquid
22,36133,1.0008,0.99925,8.7629,10.352,44.239,40.514,81.072,756.15,-0.01319,121.83,0.12926,liquid
22,36200,1.001,0.99902,8.7604,10.352,44.229,40.515,81.046,756.63,-0.013795,121.91,0.12932,liquid
22,36267,1.0012,0.99878,8.7579,10.352,44.219,40.516,81.02,757.11,-0.014397,122,0.12938,liquid
22,36333,1.0014,0.99855,8.7554,10.352,44.21,40.517,80.994,757.59,-0.014998,122.08,0.12944,liquid
22,36400,1.0017,0.99832,8.753,10.352,44.2,40.518,80.969,758.07,-0.015597,122.17,0.12951,liquid
22,36467,1.0019,0.99809,8.7505,10.352,44.19,40.519,80.943,758.55,-0.016194,122.25,0.12957,liquid
22,36533,1.0021,0.99786,8.748,10.352,44.181,40.52,80.918,759.03,-0.016789,122.34,0.12963,liquid
22,36600,1.0024,0.99763,8.7455,10.352,44.171,40.521,80.892,759.51,-0.017383,122.42,0.12969,liquid
22,36667,1.0026,0.9974,8.7431,10.353,44.161,40.522,80.867,759.99,-0.017974,122.51,0.12975,liquid
22,36733,1.0028,0.99717,8.7406,10.353,44.152,40.523,80.842,760.47,-0.018564,122.59,0.12981,liquid
22,36800,1.0031,0.99694,8.7382,10.353,44.142,40.524,80.817,760.94,-0.019152,122.68,0.12987,liquid
22,36867,1.0033,0.99672,8.7357,10.353,44.133,40.525,80.791,761.42,-0.019737,122.76,0.12993,liquid
22,36933,1.0035,0.99649,8.7333,10.353,44.123,40.526,80.766,761.9,-0.020322,122.85,0.12999,liquid
22,37000,1.0038,0.99626,8.7308,10.353,44.114,40.527,80.742,762.37,-0.020904,122.93,0.13005,liquid
22,37067,1.004,0.99603,8.7284,10.353,44.104,40.528,80.717,762.84,-0.021485,123.01,0.13011,liquid
22,37133,1.0042,0.99581,8.726,10.353,44.095,40.529,80.692,763.32,-0.022063,123.1,0.13017,liquid
22,37200,1.0044,0.99558,8.7235,10.353,44.085,40.53,80.667,763.79,-0.02264,123.18,0.13023,liquid
22,37267,1.0047,0.99536,8.7211,10.354,44.076,40.531,80.643,764.26,-0.023216,123.27,0.13029,liquid
22,37333,1.0049,0.99513,8.7187,10.354,44.066,40.532,80.618,764.74,-0.023789,123.35,0.13035,liquid
22,37400,1.0051,0.99491,8.7162,10.354,44.057,40.533,80.594,765.21,-0.024361,123.44,0.13041,liquid
22,37467,1.0053,0.99468,8.7138,10.354,44.047,40.534,80.57,765.68,-0.024931,123.52,0.13047,liquid
22,37533,1.0056,0.99446,8.7114,10.354,44.038,40.535,80.545,766.15,-0.025499,123.6,0.13053,liquid
22,37600,1.0058,0.99424,8.709,10.354,44.028,40.536,80.521,766.62,-0.026066,123.69,0.13059,liquid
22,37667,1.006,0.99402,8.7066,10.354,44.019,40.537,80.497,767.09,-0.026631,123.77,0.13065,liquid
22,37733,1.0062,0.99379,8.7042,10.355,44.01,40.538,80.473,767.56,-0.027194,123.86,0.1307,liquid
22,37800,1.0065,0.99357,8.7018,10.355,44,40.539,80.449,768.03,-0.027755,123.94,0.13076,liquid
22,37867,1.0067,0.99335,8.6994,10.355,43.991,40.54,80.425,768.49,-0.028315,124.02,0.13082,liquid
22,37933,1.0069,0.99313,8.697,10.355,43.982,40.541,80.401,768.96,-0.028873,124.11,0.13088,liquid
22,38000,1.0071,0.99291,8.6946,10.355,43.972,40.542,80.378,769.43,-0.029429,124.19,0.13094,liquid
22,38067,1.0074,0.99269,8.6922,10.355,43.963,40.543,80.354,769.89,-0.029984,124.28,0.131,liquid
22,38133,1.0076,0.99247,8.6899,10.355,43.954,40.544,80.331,770.36,-0.030537,124.36,0.13106,liquid
22,38200,1.0078,0.99225,8.6875,10.356,43.944,40.545,80.307,770.82,-0.031089,124.44,0.13112,liquid
22,38267,1.008,0.99203,8.6851,10.356,43.935,40.546,80.284,771.29,-0.031638,124.53,0.13118,liquid
22,38333,1.0083,0.99181,8.6827,10.356,43.926,40.547,80.26,771.75,-0.032186,124.61,0.13124,liquid
22,38400,1.0085,0.9916,8.6804,10.356,43.916,40.548,80.237,772.22,-0.032733,124.69,0.1313,liquid
22,38467,1.0087,0.99138,8.678,10.356,43.907,40.549,80.214,772.68,-0.033278,124.78,0.13135,liquid
22,38533,1.0089,0.99116,8.6756,10.356,43.898,40.55,80.191,773.14,-0.033821,124.86,0.13141,liquid
22,38600,1.0091,0.99095,8.6733,10.357,43.889,40.551,80.168,773.6,-0.034363,124.94,0.13147,liquid
22,38667,1.0094,0.99073,8.6709,10.357,43.879,40.552,80.145,774.06,-0.034903,125.03,0.13153,liquid
22,38733,1.0096,0.99051,8.6686,10.357,43.87,40.554,80.122,774.52,-0.035441,125.11,0.13159,liquid
22,38800,1.0098,0.9903,8.6662,10.357,43.861,40.555,80.099,774.98,-0.035978,125.19,0.13165,liquid
22,38867,1.01,0.99008,8.6639,10.357,43.852,40.556,80.076,775.44,-0.036513,125.28,0.13171,liquid
22,38933,1.0102,0.98987,8.6615,10.358,43.843,40.557,80.053,775.9,-0.037047,125.36,0.13176,liquid
22,39000,1.0105,0.98966,8.6592,10.358,43.834,40.558,80.031,776.36,-0.037579,125.44,0.13182,liquid
22,39067,1.0107,0.98944,8.6569,10.358,43.824,40.559,80.008,776.82,-0.03811,125.52,0.13188,liquid
22,39133,1.0109,0.98923,8.6545,10.358,43.815,40.56,79.986,777.28,-0.038639,125.61,0.13194,liquid
22,39200,1.0111,0.98902,8.6522,10.358,43.806,40.561,79.963,777.73,-0.039167,125.69,0.132,liquid
22,39267,1.0113,0.9888,8.6499,10.359,43.797,40.562,79.941,778.19,-0.039693,125.77,0.13205,liquid
22,39333,1.0115,0.98859,8.6476,10.359,43.788,40.563,79.919,778.65,-0.040217,125.86,0.13211,liquid
22,39400,1.0118,0.98838,8.6452,10.359,43.779,40.564,79.897,779.1,-0.04074,125.94,0.13217,liquid
22,39467,1.012,0.98817,8.6429,10.359,43.77,40.565,79.874,779.56,-0.041261,126.02,0.13223,liquid
22,39533,1.0122,0.98796,8.6406,10.36,43.761,40.566,79.852,780.01,-0.041781,126.1,0.13229,liquid
22,39600,1.0124,0.98775,8.6383,10.36,43.752,40.567,79.83,780.46,-0.0423,126.19,0.13234,liquid
22,39667,1.0126,0.98754,8.636,10.36,43.743,40.568,79.808,780.92,-0.042817,126.27,0.1324,liquid
22,39733,1.0128,0.98733,8.6337,10.36,43.733,40.569,79.786,781.37,-0.043332,126.35,0.13246,liquid
22,39800,1.013,0.98712,8.6314,10.36,43.724,40.57,79.765,781.82,-0.043846,126.43,0.13252,liquid
22,39867,1.0133,0.98691,8.6291,10.361,43.715,40.572,79.743,782.27,-0.044359,126.51,0.13257,liquid
22,39933,1.0135,0.9867,8.6268,10.361,43.706,40.573,79.721,782.73,-0.04487,126.6,0.13263,liquid
22,40000,1.0137,0.9865,8.6245,10.361,43.697,40.574,79.7,783.18,-0.045379,126.68,0.13269,liquid
